Town,WQI,WQI_Class
Akaba 1,56.71107876798835,Good
Ogbuna 2,57.38715008060861,Good
Ogbogoro 1,80.93695130793976,Good
Biogbolo 1,92.43429800670128,Good
Akaibiri 1,96.07152169003201,Good
Okutukutu 1,98.55712291513436,Good
Gbarantoru 2,98.96394199337301,Good
