Town,WQI,WQI_Class
Opolo 1,203.09566176142823,Very Poor
Agudama 2,212.76593779763897,Very Poor
Agudama 1,218.85493978499414,Very Poor
Etegwe 2,250.43838323266544,Very Poor
